ind,pop,lat,long,group,age,loci1,loci2,loci3,loci4,loci5,loci6
T158,Black,-40.866417,145.283589,Female,juv,A/A,G/C,A/T,A/A,G/C,T/A
T306,Black,-40.855888,145.276375,Male,Ad,A/A,G/G,A/A,A/A,G/C,T/A
T305,Black,-40.878894,145.2885,Female,Ad,A/A,G/G,A/T,A/A,G/C,T/A
T148,Black,-40.991935,145.37568,Male,Ad,A/A,G/G,A/A,A/A,G/C,T/A
T149,Black,-40.991935,145.37568,Female,Ad,A/A,G/C,A/T,A/A,G/C,T/A
T106,Brid,-41.232048,147.459716,Male,Ad,A/A,G/G,A/A,A/A,G/G,T/A
T107,Brid,-41.232048,147.459716,Male,Ad,A/A,G/G,A/T,A/A,G/G,T/A
T110,Brid,-41.232048,147.459716,Female,Ad,A/A,G/G,A/A,A/A,G/G,T/A
T111,Brid,-41.232048,147.459716,Female,Ad,A/T,G/C,A/T,A/A,G/G,T/A
T308,Cam,-41.095667,145.795758,Male,Sub-Ad,A/T,C/C,A/A,A/A,G/G,T/A
T307,Cam,-41.069746,145.815204,Male,Ad,A/T,C/C,A/T,A/A,C/C,T/A
T302,Cam,-41.051213,145.828031,Male,Ad,T/T,G/C,A/A,A/A,C/C,T/T
T303,Cam,-41.04764,145.823026,Female,Juv,T/T,C/C,A/T,A/A,C/C,A/A
